[{
  "applications": [
      {
        "Application": "Apigee API Platform",
        "Systems": {
          "Availability": "",
          "Performance": "",
          "Capacity": "",
          "Redundancy": ""
        },
        "Operational": {
          "P1/P2 Incidents": "",
          "Pending RCA": "",
          "Risks": "",
          "Issues": ""
        },
        "Maintenance": {
          "PKE": "",
          "App Patching": "",
          "OS Patching": "",
          "DB Patching": ""
        },
        "Miscellaneous": {
          "Development Road Plan": "",
          "Health Checks": "",
          "L2/L3 Support": "",
          "EOL/EOS": ""
        }
      },
      {
        "Application": "ASAP",
        "Systems": {
          "Availability": "Green",
          "Performance": "",
          "Capacity": "",
          "Redundancy": "Green"
        },
        "Operational": {
          "P1/P2 Incidents": "Green",
          "Pending RCA": "Green",
          "Risks": "Green",
          "Issues": "Green"
        },
        "Maintenance": {
          "PKE": "Green",
          "App Patching": "Green",
          "OS Patching": "Green",
          "DB Patching": "Green"
        },
        "Miscellaneous": {
          "Development Road Plan": "",
          "Health Checks": "Green",
          "L2/L3 Support": "",
          "EOL/EOS": "Green"
        }
      },
      {
        "Application": "Automic",
        "Systems": {
          "Availability": "",
          "Performance": "",
          "Capacity": "",
          "Redundancy": "Green"
        },
        "Operational": {
          "P1/P2 Incidents": "Green",
          "Pending RCA": "Green",
          "Risks": "Green",
          "Issues": "Green"
        },
        "Maintenance": {
          "PKE": "Green",
          "App Patching": "Green",
          "OS Patching": "Green",
          "DB Patching": "Green"
        },
        "Miscellaneous": {
          "Development Road Plan": "",
          "Health Checks": "Green",
          "L2/L3 Support": "",
          "EOL/EOS": "Green"
        }
      },
      {
        "Application": "BRM",
        "Systems": {
          "Availability": "",
          "Performance": "",
          "Capacity": "",
          "Redundancy": "Green"
        },
        "Operational": {
          "P1/P2 Incidents": "Yellow",
          "Pending RCA": "Yellow",
          "Risks": "Green",
          "Issues": "Yellow"
        },
        "Maintenance": {
          "PKE": "Yellow",
          "App Patching": "Green",
          "OS Patching": "Green",
          "DB Patching": "Green"
        },
        "Miscellaneous": {
          "Development Road Plan": "",
          "Health Checks": "Green",
          "L2/L3 Support": "",
          "EOL/EOS": "Green"
        }
      },
      {
        "Application": "DAS - Data Access Service",
        "Systems": {
          "Availability": "",
          "Performance": "",
          "Capacity": "",
          "Redundancy": ""
        },
        "Operational": {
          "P1/P2 Incidents": "",
          "Pending RCA": "",
          "Risks": "",
          "Issues": ""
        },
        "Maintenance": {
          "PKE": "",
          "App Patching": "",
          "OS Patching": "",
          "DB Patching": ""
        },
        "Miscellaneous": {
          "Development Road Plan": "",
          "Health Checks": "",
          "L2/L3 Support": "",
          "EOL/EOS": ""
        }
      },
      {
        "Application": "DAS - Fusion",
        "Systems": {
          "Availability": "",
          "Performance": "",
          "Capacity": "",
          "Redundancy": ""
        },
        "Operational": {
          "P1/P2 Incidents": "",
          "Pending RCA": "",
          "Risks": "",
          "Issues": ""
        },
        "Maintenance": {
          "PKE": "",
          "App Patching": "",
          "OS Patching": "",
          "DB Patching": ""
        },
        "Miscellaneous": {
          "Development Road Plan": "",
          "Health Checks": "",
          "L2/L3 Support": "",
          "EOL/EOS": ""
        }
      },
      {
        "Application": "DAS - Siebel",
        "Systems": {
          "Availability": "",
          "Performance": "",
          "Capacity": "",
          "Redundancy": ""
        },
        "Operational": {
          "P1/P2 Incidents": "",
          "Pending RCA": "",
          "Risks": "",
          "Issues": ""
        },
        "Maintenance": {
          "PKE": "",
          "App Patching": "",
          "OS Patching": "",
          "DB Patching": ""
        },
        "Miscellaneous": {
          "Development Road Plan": "",
          "Health Checks": "",
          "L2/L3 Support": "",
          "EOL/EOS": ""
        }
      },
      {
        "Application": "Digital First - AEM ",
        "Systems": {
          "Availability": "",
          "Performance": "",
          "Capacity": "",
          "Redundancy": ""
        },
        "Operational": {
          "P1/P2 Incidents": "",
          "Pending RCA": "",
          "Risks": "",
          "Issues": ""
        },
        "Maintenance": {
          "PKE": "",
          "App Patching": "",
          "OS Patching": "",
          "DB Patching": ""
        },
        "Miscellaneous": {
          "Development Road Plan": "",
          "Health Checks": "",
          "L2/L3 Support": "",
          "EOL/EOS": ""
        }
      },
      {
        "Application": "Digital First - CPQ",
        "Systems": {
          "Availability": "",
          "Performance": "",
          "Capacity": "",
          "Redundancy": ""
        },
        "Operational": {
          "P1/P2 Incidents": "",
          "Pending RCA": "",
          "Risks": "",
          "Issues": ""
        },
        "Maintenance": {
          "PKE": "",
          "App Patching": "",
          "OS Patching": "",
          "DB Patching": ""
        },
        "Miscellaneous": {
          "Development Road Plan": "",
          "Health Checks": "",
          "L2/L3 Support": "",
          "EOL/EOS": ""
        }
      },
      {
        "Application": "Digital First - Velocity",
        "Systems": {
          "Availability": "",
          "Performance": "",
          "Capacity": "",
          "Redundancy": ""
        },
        "Operational": {
          "P1/P2 Incidents": "",
          "Pending RCA": "",
          "Risks": "",
          "Issues": ""
        },
        "Maintenance": {
          "PKE": "",
          "App Patching": "",
          "OS Patching": "",
          "DB Patching": ""
        },
        "Miscellaneous": {
          "Development Road Plan": "",
          "Health Checks": "",
          "L2/L3 Support": "",
          "EOL/EOS": ""
        }
      },
      {
        "Application": "Digital First - VFE",
        "Systems": {
          "Availability": "",
          "Performance": "",
          "Capacity": "",
          "Redundancy": ""
        },
        "Operational": {
          "P1/P2 Incidents": "",
          "Pending RCA": "",
          "Risks": "",
          "Issues": ""
        },
        "Maintenance": {
          "PKE": "",
          "App Patching": "",
          "OS Patching": "",
          "DB Patching": ""
        },
        "Miscellaneous": {
          "Development Road Plan": "",
          "Health Checks": "",
          "L2/L3 Support": "",
          "EOL/EOS": ""
        }
      },
      {
        "Application": "eMagine",
        "Systems": {
          "Availability": "",
          "Performance": "",
          "Capacity": "",
          "Redundancy": ""
        },
        "Operational": {
          "P1/P2 Incidents": "",
          "Pending RCA": "",
          "Risks": "",
          "Issues": ""
        },
        "Maintenance": {
          "PKE": "",
          "App Patching": "",
          "OS Patching": "",
          "DB Patching": ""
        },
        "Miscellaneous": {
          "Development Road Plan": "",
          "Health Checks": "",
          "L2/L3 Support": "",
          "EOL/EOS": ""
        }
      },
      {
        "Application": "Fusion Middleware(VF, SS2, MNP, FORT, FOAM)",
        "Systems": {
          "Availability": "",
          "Performance": "",
          "Capacity": "",
          "Redundancy": ""
        },
        "Operational": {
          "P1/P2 Incidents": "Green",
          "Pending RCA": "Green",
          "Risks": "Green",
          "Issues": "Green"
        },
        "Maintenance": {
          "PKE": "Green",
          "App Patching": "Green",
          "OS Patching": "Green",
          "DB Patching": "Green"
        },
        "Miscellaneous": {
          "Development Road Plan": "",
          "Health Checks": "",
          "L2/L3 Support": "",
          "EOL/EOS": ""
        }
      },
      {
        "Application": "Genesys PureEngage Cloud",
        "Systems": {
          "Availability": "",
          "Performance": "",
          "Capacity": "",
          "Redundancy": ""
        },
        "Operational": {
          "P1/P2 Incidents": "",
          "Pending RCA": "",
          "Risks": "",
          "Issues": ""
        },
        "Maintenance": {
          "PKE": "",
          "App Patching": "",
          "OS Patching": "",
          "DB Patching": ""
        },
        "Miscellaneous": {
          "Development Road Plan": "",
          "Health Checks": "",
          "L2/L3 Support": "",
          "EOL/EOS": ""
        }
      },
      {
        "Application": "Inteflow",
        "Systems": {
          "Availability": "",
          "Performance": "",
          "Capacity": "",
          "Redundancy": "Green"
        },
        "Operational": {
          "P1/P2 Incidents": "Green",
          "Pending RCA": "Green",
          "Risks": "Green",
          "Issues": "Green"
        },
        "Maintenance": {
          "PKE": "Green",
          "App Patching": "Green",
          "OS Patching": "Green",
          "DB Patching": "Green"
        },
        "Miscellaneous": {
          "Development Road Plan": "",
          "Health Checks": "Green",
          "L2/L3 Support": "",
          "EOL/EOS": "Green"
        }
      },
      {
        "Application": "Inteflow (Decision Intellect)",
        "Systems": {
          "Availability": "",
          "Performance": "",
          "Capacity": "",
          "Redundancy": ""
        },
        "Operational": {
          "P1/P2 Incidents": "",
          "Pending RCA": "",
          "Risks": "",
          "Issues": ""
        },
        "Maintenance": {
          "PKE": "",
          "App Patching": "",
          "OS Patching": "",
          "DB Patching": ""
        },
        "Miscellaneous": {
          "Development Road Plan": "",
          "Health Checks": "",
          "L2/L3 Support": "",
          "EOL/EOS": ""
        }
      },
      {
        "Application": "Integration Event Streaming platform",
        "Systems": {
          "Availability": "",
          "Performance": "",
          "Capacity": "",
          "Redundancy": ""
        },
        "Operational": {
          "P1/P2 Incidents": "",
          "Pending RCA": "",
          "Risks": "",
          "Issues": ""
        },
        "Maintenance": {
          "PKE": "",
          "App Patching": "Green",
          "OS Patching": "Green",
          "DB Patching": "Green"
        },
        "Miscellaneous": {
          "Development Road Plan": "",
          "Health Checks": "",
          "L2/L3 Support": "",
          "EOL/EOS": ""
        }
      },
      {
        "Application": "InterconnecT",
        "Systems": {
          "Availability": "",
          "Performance": "",
          "Capacity": "",
          "Redundancy": "Green"
        },
        "Operational": {
          "P1/P2 Incidents": "",
          "Pending RCA": "",
          "Risks": "",
          "Issues": ""
        },
        "Maintenance": {
          "PKE": "",
          "App Patching": "",
          "OS Patching": "",
          "DB Patching": ""
        },
        "Miscellaneous": {
          "Development Road Plan": "",
          "Health Checks": "Green",
          "L2/L3 Support": "",
          "EOL/EOS": "Green"
        }
      },
      {
        "Application": "IVR Application AWS API's",
        "Systems": {
          "Availability": "",
          "Performance": "",
          "Capacity": "",
          "Redundancy": ""
        },
        "Operational": {
          "P1/P2 Incidents": "",
          "Pending RCA": "",
          "Risks": "",
          "Issues": ""
        },
        "Maintenance": {
          "PKE": "",
          "App Patching": "",
          "OS Patching": "",
          "DB Patching": ""
        },
        "Miscellaneous": {
          "Development Road Plan": "",
          "Health Checks": "",
          "L2/L3 Support": "",
          "EOL/EOS": ""
        }
      },
      {
        "Application": "LSHS",
        "Systems": {
          "Availability": "",
          "Performance": "",
          "Capacity": "",
          "Redundancy": "Green"
        },
        "Operational": {
          "P1/P2 Incidents": "",
          "Pending RCA": "",
          "Risks": "",
          "Issues": ""
        },
        "Maintenance": {
          "PKE": "",
          "App Patching": "",
          "OS Patching": "",
          "DB Patching": ""
        },
        "Miscellaneous": {
          "Development Road Plan": "",
          "Health Checks": "Green",
          "L2/L3 Support": "",
          "EOL/EOS": "Green"
        }
      },
      {
        "Application": "Managed Kafka",
        "Systems": {
          "Availability": "",
          "Performance": "",
          "Capacity": "",
          "Redundancy": ""
        },
        "Operational": {
          "P1/P2 Incidents": "",
          "Pending RCA": "",
          "Risks": "",
          "Issues": ""
        },
        "Maintenance": {
          "PKE": "",
          "App Patching": "",
          "OS Patching": "",
          "DB Patching": ""
        },
        "Miscellaneous": {
          "Development Road Plan": "",
          "Health Checks": "",
          "L2/L3 Support": "",
          "EOL/EOS": ""
        }
      },
      {
        "Application": "Message Gateway (MNP)",
        "Systems": {
          "Availability": "",
          "Performance": "",
          "Capacity": "",
          "Redundancy": ""
        },
        "Operational": {
          "P1/P2 Incidents": "",
          "Pending RCA": "",
          "Risks": "",
          "Issues": ""
        },
        "Maintenance": {
          "PKE": "",
          "App Patching": "",
          "OS Patching": "",
          "DB Patching": ""
        },
        "Miscellaneous": {
          "Development Road Plan": "",
          "Health Checks": "",
          "L2/L3 Support": "",
          "EOL/EOS": ""
        }
      },
      {
        "Application": "MFT",
        "Systems": {
          "Availability": "",
          "Performance": "",
          "Capacity": "",
          "Redundancy": "Green"
        },
        "Operational": {
          "P1/P2 Incidents": "Green",
          "Pending RCA": "Green",
          "Risks": "Green",
          "Issues": "Green"
        },
        "Maintenance": {
          "PKE": "Green",
          "App Patching": "Green",
          "OS Patching": "Green",
          "DB Patching": "Green"
        },
        "Miscellaneous": {
          "Development Road Plan": "",
          "Health Checks": "Green",
          "L2/L3 Support": "",
          "EOL/EOS": "Green"
        }
      },
      {
        "Application": "MNP",
        "Systems": {
          "Availability": "",
          "Performance": "",
          "Capacity": "",
          "Redundancy": "Green"
        },
        "Operational": {
          "P1/P2 Incidents": "Green",
          "Pending RCA": "Green",
          "Risks": "Green",
          "Issues": "Green"
        },
        "Maintenance": {
          "PKE": "Green",
          "App Patching": "Green",
          "OS Patching": "Green",
          "DB Patching": "Green"
        },
        "Miscellaneous": {
          "Development Road Plan": "",
          "Health Checks": "",
          "L2/L3 Support": "",
          "EOL/EOS": ""
        }
      },
      {
        "Application": "MNP -DV",
        "Systems": {
          "Availability": "",
          "Performance": "",
          "Capacity": "",
          "Redundancy": ""
        },
        "Operational": {
          "P1/P2 Incidents": "",
          "Pending RCA": "",
          "Risks": "",
          "Issues": ""
        },
        "Maintenance": {
          "PKE": "",
          "App Patching": "",
          "OS Patching": "",
          "DB Patching": ""
        },
        "Miscellaneous": {
          "Development Road Plan": "",
          "Health Checks": "",
          "L2/L3 Support": "",
          "EOL/EOS": ""
        }
      },
      {
        "Application": "MRTM",
        "Systems": {
          "Availability": "",
          "Performance": "",
          "Capacity": "",
          "Redundancy": ""
        },
        "Operational": {
          "P1/P2 Incidents": "",
          "Pending RCA": "",
          "Risks": "",
          "Issues": ""
        },
        "Maintenance": {
          "PKE": "",
          "App Patching": "",
          "OS Patching": "",
          "DB Patching": ""
        },
        "Miscellaneous": {
          "Development Road Plan": "",
          "Health Checks": "",
          "L2/L3 Support": "",
          "EOL/EOS": ""
        }
      },
      {
        "Application": "My Account",
        "Systems": {
          "Availability": "",
          "Performance": "",
          "Capacity": "",
          "Redundancy": ""
        },
        "Operational": {
          "P1/P2 Incidents": "",
          "Pending RCA": "",
          "Risks": "",
          "Issues": ""
        },
        "Maintenance": {
          "PKE": "",
          "App Patching": "",
          "OS Patching": "",
          "DB Patching": ""
        },
        "Miscellaneous": {
          "Development Road Plan": "",
          "Health Checks": "",
          "L2/L3 Support": "",
          "EOL/EOS": ""
        }
      },
      {
        "Application": "NBN / PIPE",
        "Systems": {
          "Availability": "",
          "Performance": "",
          "Capacity": "",
          "Redundancy": ""
        },
        "Operational": {
          "P1/P2 Incidents": "",
          "Pending RCA": "",
          "Risks": "",
          "Issues": ""
        },
        "Maintenance": {
          "PKE": "",
          "App Patching": "",
          "OS Patching": "",
          "DB Patching": ""
        },
        "Miscellaneous": {
          "Development Road Plan": "",
          "Health Checks": "",
          "L2/L3 Support": "",
          "EOL/EOS": ""
        }
      },
      {
        "Application": "OCSG - Retail (includes MNP Message Gateway)",
        "Systems": {
          "Availability": "",
          "Performance": "",
          "Capacity": "",
          "Redundancy": ""
        },
        "Operational": {
          "P1/P2 Incidents": "",
          "Pending RCA": "",
          "Risks": "",
          "Issues": ""
        },
        "Maintenance": {
          "PKE": "",
          "App Patching": "",
          "OS Patching": "",
          "DB Patching": ""
        },
        "Miscellaneous": {
          "Development Road Plan": "",
          "Health Checks": "",
          "L2/L3 Support": "",
          "EOL/EOS": ""
        }
      },
      {
        "Application": "OCSG - Wholesale",
        "Systems": {
          "Availability": "",
          "Performance": "",
          "Capacity": "",
          "Redundancy": "Green"
        },
        "Operational": {
          "P1/P2 Incidents": "",
          "Pending RCA": "",
          "Risks": "",
          "Issues": ""
        },
        "Maintenance": {
          "PKE": "",
          "App Patching": "",
          "OS Patching": "",
          "DB Patching": ""
        },
        "Miscellaneous": {
          "Development Road Plan": "",
          "Health Checks": "Green",
          "L2/L3 Support": "",
          "EOL/EOS": "Green"
        }
      },
      {
        "Application": "Open API GW – 3 APIs [for RTC Phase 2]  ",
        "Systems": {
          "Availability": "",
          "Performance": "",
          "Capacity": "",
          "Redundancy": ""
        },
        "Operational": {
          "P1/P2 Incidents": "",
          "Pending RCA": "",
          "Risks": "",
          "Issues": ""
        },
        "Maintenance": {
          "PKE": "",
          "App Patching": "",
          "OS Patching": "",
          "DB Patching": ""
        },
        "Miscellaneous": {
          "Development Road Plan": "",
          "Health Checks": "",
          "L2/L3 Support": "",
          "EOL/EOS": ""
        }
      },
      {
        "Application": "OSM",
        "Systems": {
          "Availability": "",
          "Performance": "",
          "Capacity": "",
          "Redundancy": "Green"
        },
        "Operational": {
          "P1/P2 Incidents": "",
          "Pending RCA": "",
          "Risks": "",
          "Issues": ""
        },
        "Maintenance": {
          "PKE": "",
          "App Patching": "",
          "OS Patching": "",
          "DB Patching": ""
        },
        "Miscellaneous": {
          "Development Road Plan": "",
          "Health Checks": "Green",
          "L2/L3 Support": "",
          "EOL/EOS": "Green"
        }
      },
      {
        "Application": "PAS",
        "Systems": {
          "Availability": "",
          "Performance": "",
          "Capacity": "",
          "Redundancy": ""
        },
        "Operational": {
          "P1/P2 Incidents": "",
          "Pending RCA": "",
          "Risks": "",
          "Issues": ""
        },
        "Maintenance": {
          "PKE": "",
          "App Patching": "",
          "OS Patching": "",
          "DB Patching": ""
        },
        "Miscellaneous": {
          "Development Road Plan": "",
          "Health Checks": "",
          "L2/L3 Support": "",
          "EOL/EOS": ""
        }
      },
      {
        "Application": "PAS WS",
        "Systems": {
          "Availability": "",
          "Performance": "",
          "Capacity": "",
          "Redundancy": ""
        },
        "Operational": {
          "P1/P2 Incidents": "",
          "Pending RCA": "",
          "Risks": "",
          "Issues": ""
        },
        "Maintenance": {
          "PKE": "",
          "App Patching": "",
          "OS Patching": "",
          "DB Patching": ""
        },
        "Miscellaneous": {
          "Development Road Plan": "",
          "Health Checks": "",
          "L2/L3 Support": "",
          "EOL/EOS": ""
        }
      },
      {
        "Application": "PSM",
        "Systems": {
          "Availability": "",
          "Performance": "",
          "Capacity": "",
          "Redundancy": "Green"
        },
        "Operational": {
          "P1/P2 Incidents": "",
          "Pending RCA": "",
          "Risks": "",
          "Issues": ""
        },
        "Maintenance": {
          "PKE": "",
          "App Patching": "",
          "OS Patching": "",
          "DB Patching": ""
        },
        "Miscellaneous": {
          "Development Road Plan": "",
          "Health Checks": "Green",
          "L2/L3 Support": "",
          "EOL/EOS": "Green"
        }
      },
      {
        "Application": "SES Secure Entitlement Server",
        "Systems": {
          "Availability": "",
          "Performance": "",
          "Capacity": "",
          "Redundancy": ""
        },
        "Operational": {
          "P1/P2 Incidents": "",
          "Pending RCA": "",
          "Risks": "",
          "Issues": ""
        },
        "Maintenance": {
          "PKE": "",
          "App Patching": "",
          "OS Patching": "",
          "DB Patching": ""
        },
        "Miscellaneous": {
          "Development Road Plan": "",
          "Health Checks": "",
          "L2/L3 Support": "",
          "EOL/EOS": ""
        }
      },
      {
        "Application": "Siebel",
        "Systems": {
          "Availability": "Green",
          "Performance": "",
          "Capacity": "",
          "Redundancy": "Green"
        },
        "Operational": {
          "P1/P2 Incidents": "Yellow",
          "Pending RCA": "Yellow",
          "Risks": "Yellow",
          "Issues": "Yellow"
        },
        "Maintenance": {
          "PKE": "Yellow",
          "App Patching": "Green",
          "OS Patching": "Green",
          "DB Patching": "Green"
        },
        "Miscellaneous": {
          "Development Road Plan": "",
          "Health Checks": "Green",
          "L2/L3 Support": "",
          "EOL/EOS": "Green"
        }
      },
      {
        "Application": "SIM swap application",
        "Systems": {
          "Availability": "",
          "Performance": "",
          "Capacity": "",
          "Redundancy": ""
        },
        "Operational": {
          "P1/P2 Incidents": "",
          "Pending RCA": "",
          "Risks": "",
          "Issues": ""
        },
        "Maintenance": {
          "PKE": "",
          "App Patching": "",
          "OS Patching": "",
          "DB Patching": ""
        },
        "Miscellaneous": {
          "Development Road Plan": "",
          "Health Checks": "",
          "L2/L3 Support": "",
          "EOL/EOS": ""
        }
      },
      {
        "Application": "Tallyman",
        "Systems": {
        "Availability": "",
        "Performance": "",
        "Capacity": "",
        "Redundancy": "Green"
        },
        "Operational": {
        "P1/P2 Incidents": "Green",
        "Pending RCA": "Green",
        "Risks": "Green",
        "Issues": "Green"
        },
        "Maintenance": {
        "PKE": "Green",
        "App Patching": "Green",
        "OS Patching": "Green",
        "DB Patching": "Green"
        },
        "Miscellaneous": {
          "Development Road Plan": "",
          "Health Checks": "Green",
          "L2/L3 Support": "",
          "EOL/EOS": "Green"
        }
      },
      {
        "Application": "TPP",
        "Systems": {
          "Availability": "",
          "Performance": "",
          "Capacity": "",
          "Redundancy": ""
        },
        "Operational": {
          "P1/P2 Incidents": "",
          "Pending RCA": "",
          "Risks": "",
          "Issues": ""
        },
        "Maintenance": {
          "PKE": "",
          "App Patching": "",
          "OS Patching": "",
          "DB Patching": ""
        },
        "Miscellaneous": {
          "Development Road Plan": "",
          "Health Checks": "",
          "L2/L3 Support": "",
          "EOL/EOS": ""
        }
      },
      {
        "Application": "Track & Trace",
        "Systems": {
          "Availability": "",
          "Performance": "",
          "Capacity": "",
          "Redundancy": ""
        },
        "Operational": {
          "P1/P2 Incidents": "",
          "Pending RCA": "",
          "Risks": "",
          "Issues": ""
        },
        "Maintenance": {
          "PKE": "",
          "App Patching": "",
          "OS Patching": "",
          "DB Patching": ""
        },
        "Miscellaneous": {
          "Development Road Plan": "",
          "Health Checks": "",
          "L2/L3 Support": "",
          "EOL/EOS": ""
        }
      },
      {
        "Application": "UIM",
        "Systems": {
          "Availability": "",
          "Performance": "",
          "Capacity": "",
          "Redundancy": "Green"
        },
        "Operational": {
          "P1/P2 Incidents": "",
          "Pending RCA": "",
          "Risks": "",
          "Issues": ""
        },
        "Maintenance": {
          "PKE": "",
          "App Patching": "",
          "OS Patching": "",
          "DB Patching": ""
        },
        "Miscellaneous": {
          "Development Road Plan": "",
          "Health Checks": "Green",
          "L2/L3 Support": "",
          "EOL/EOS": "Green"
        }
      },
      {
        "Application": "UiPath",
        "Systems": {
          "Availability": "",
          "Performance": "",
          "Capacity": "",
          "Redundancy": ""
        },
        "Operational": {
          "P1/P2 Incidents": "",
          "Pending RCA": "",
          "Risks": "",
          "Issues": ""
        },
        "Maintenance": {
          "PKE": "",
          "App Patching": "",
          "OS Patching": "",
          "DB Patching": ""
        },
        "Miscellaneous": {
          "Development Road Plan": "",
          "Health Checks": "",
          "L2/L3 Support": "",
          "EOL/EOS": ""
        }
      },
      {
        "Application": "WPP",
        "Systems": {
          "Availability": "",
          "Performance": "",
          "Capacity": "",
          "Redundancy": ""
        },
        "Operational": {
          "P1/P2 Incidents": "",
          "Pending RCA": "",
          "Risks": "",
          "Issues": ""
        },
        "Maintenance": {
          "PKE": "",
          "App Patching": "",
          "OS Patching": "",
          "DB Patching": ""
        },
        "Miscellaneous": {
          "Development Road Plan": "",
          "Health Checks": "",
          "L2/L3 Support": "",
          "EOL/EOS": ""
        }
      }
    ]
}]