[
    {
        "pageName": "DB Patching",
        "ragStatusColor": "green",
        "ragHeading": "RAG",
        "defHeading": "Definition",
        "priorityP2Heading": [
            "Incident ID",
            "Urgency",
            "Impact",
            "Priority",
            "Description",
            "Date",
            "Frequency",
            "Duration (Mins)"
        ],
        "priorityP2AnalysisData": [
            {
                "incidentId": "INC000014329200",
                "urgency": "High, Medium",
                "impact": "High, Medium",
                "priority": "P2",
                "description": "Unable to raise order via secondary connection on Siebel",
                "date":"01/12/2022",
                "frequency": "Under review",
                "duration": "67 Mins"
            },
            {
                "incidentId": "INC000014332340",
                "urgency": "High, Medium",
                "impact": "High, Medium",
                "priority": "P2",
                "description": "CRQ000000881742 SIEBEL PATCHSET UPGRADE from 19.12 to 22.07 - Siebel Service Outage",
                "date": "4/12/2022 ",
                "frequency": "Under review",
                "duration": "83 mins"
            }

        ],
        "ragDefinition": {
            "Red": {
                "id": 1,
                "color": "red",
                "definition": "One or more P2 incidents, and Frequency > 1"
            },
            "Yellow": {
                "id": 2,
                "color": "warning",
                "definition": "One or more P2 incidents, and Frequency = 1"
            },
            "Green": {
                "id": 3,
                "color": "green",
                "definition": "Zero P2 incidents "
            }
        }
    }
]