[
    {
        "pageName": "EOS_EOL",
        "ragStatusColor": "green",
        "ragHeading": "RAG",
        "defHeading": "Definition",
        "priorityP2Heading": [
            "Application Name",
            "Current App Version in production?",
            "Is current app version EOS or EOL?",
            "Latest Available APP Version?",
            "PKE No",
            "PKE Submit Date",
            "PKE Status ",
            "PKE Assigned Group",
            "Remarks / Update"
        ],
        "priorityP2AnalysisData": [
            {
                "incidentName": "Siebel",
                "appVersionInProd": "12.2.0.1.0",
                "currentAppVersion": "EOS",
                "availableAppVersion": "19C",
                "pkeNumber": "PKE000000102979",
                "submitDate":"20/06/2022",
                "pkeStatus":"Assigned",
                "assignGroup": "TCS-BSS-L3-Support",
                "remark": "19c SOE is approved and it planning in Progress"
            },
            {
                "incidentId": "INC000014332340",
                "urgency": "High, Medium",
                "impact": "High, Medium",
                "priority": "P2",
                "description": "CRQ000000881742 SIEBEL PATCHSET UPGRADE from 19.12 to 22.07 - Siebel Service Outage",
                "date": "4/12/2022 ",
                "frequency": "Under review",
                "duration": "83 mins"
            }

        ],
        "ragDefinition": {
            "Red": {
                "id": 1,
                "color": "red",
                "definition": "One or more P2 incidents, and Frequency > 1"
            },
            "Yellow": {
                "id": 2,
                "color": "warning",
                "definition": "One or more P2 incidents, and Frequency = 1"
            },
            "Green": {
                "id": 3,
                "color": "green",
                "definition": "Zero P2 incidents "
            }
        }
    }
]